{
    "1stlug_off": {
        "t": 0.8871310867300384,
        "x": [
            1319.9330213756864,
            -5114.366493564142,
            0.0001646641522557073
        ],
        "v": [
            -4.831225068586959,
            -1.646384471504398,
            -8.56029823892519
        ],
        "q": [
            0.6634139481689384,
            -0.3213938048432696,
            -0.5566703992264193,
            -0.383022221559489
        ],
        "omega": [
            -0.0004438725459846988,
            0.044549520483484886,
            -0.025185032034405263
        ]
    },
    "2ndlug_off": {
        "t": 0.9277499738390353,
        "x": [
            1319.9330213756864,
            -5114.366493564142,
            0.0001646641522557073
        ],
        "v": [
            -4.831225068586959,
            -1.646384471504398,
            -8.56029823892519
        ],
        "q": [
            0.6652096673868242,
            -0.32059282601776146,
            -0.5545967607957636,
            -0.3835867202372932
        ],
        "omega": [
            -0.0004438725459846988,
            0.044549520483484886,
            -0.025185032034405263
        ]
    },
    "MECO": {
        "t": 20.01305614105945,
        "x": [
            1319.9330213756864,
            -5114.366493564142,
            0.0001646641522557073
        ],
        "v": [
            -4.831225068586959,
            -1.646384471504398,
            -8.56029823892519
        ],
        "q": [
            0.6955481488342024,
            -0.03291840033710539,
            -0.3733076533577663,
            -0.6130012640416962
        ],
        "omega": [
            -0.0004438725459846988,
            0.044549520483484886,
            -0.025185032034405263
        ]
    },
    "apogee": {
        "t": 36.51529586987084,
        "x": [
            1319.9330213756864,
            -5114.366493564142,
            0.0001646641522557073
        ],
        "v": [
            -4.831225068586959,
            -1.646384471504398,
            -8.56029823892519
        ],
        "q": [
            0.6698600462358624,
            0.17899067045749598,
            -0.1802004489483703,
            -0.6976945311652892
        ],
        "omega": [
            -0.0004438725459846988,
            0.044549520483484886,
            -0.025185032034405263
        ]
    },
    "drogue": {
        "t": 37.51908340077961,
        "x": [
            1319.9330213756864,
            -5114.366493564142,
            0.0001646641522557073
        ],
        "v": [
            -4.831225068586959,
            -1.646384471504398,
            -8.56029823892519
        ],
        "q": [
            0.6649142796135534,
            0.19656093368468616,
            -0.16284250211456902,
            -0.7019509398158996
        ],
        "omega": [
            -0.0004438725459846988,
            0.044549520483484886,
            -0.025185032034405263
        ]
    },
    "para": {
        "t": 173.5794936230077,
        "x": [
            1319.9330213756864,
            -5114.366493564142,
            0.0001646641522557073
        ],
        "v": [
            -4.831225068586959,
            -1.646384471504398,
            -8.56029823892519
        ],
        "q": [
            0.665714970736179,
            0.19382382125462955,
            -0.1655615594111653,
            -0.7013168160016661
        ],
        "omega": [
            -0.0004438725459846988,
            0.044549520483484886,
            -0.025185032034405263
        ]
    },
    "landing": {
        "t": 210.69659726293105,
        "x": [
            1319.9330213756864,
            -5114.366493564142,
            0.0001646641522557073
        ],
        "v": [
            -4.831225068586959,
            -1.646384471504398,
            -8.56029823892519
        ],
        "q": [
            0.665714970736179,
            0.19382382125462955,
            -0.1655615594111653,
            -0.7013168160016661
        ],
        "omega": [
            -0.0004438725459846988,
            0.044549520483484886,
            -0.025185032034405263
        ]
    }
}